iter	MultiClass
0	-1.512551
1	-1.436479089
2	-1.378276751
3	-1.319872267
4	-1.274404315
5	-1.236754009
6	-1.203095612
7	-1.175450359
8	-1.149048688
9	-1.126986082
